full_name,first_initial_last,first_name,last_name,team_abbr,common_nicknames,player_id
Precious Achiuwa,P. Achiuwa,Precious,Achiuwa,NYK,,P0001
Steven Adams,S. Adams,Steven,Adams,SAS,,P0002
Bam Adebayo,B. Adebayo,Bam,Adebayo,MIL,,P0003
Ochai Agbaji,O. Agbaji,Ochai,Agbaji,CLE,,P0004
Santi Aldama,S. Aldama,Santi,Aldama,FA,,P0005
Trey Alexander,T. Alexander,Trey,Alexander,FA,,P0006
Nickeil Alexander-Walker,N. Alexander-Walker,Nickeil,Alexander-Walker,SAS,,P0007
Jarrett Allen,J. Allen,Jarrett,Allen,HOU,,P0008
Grayson Allen,G. Allen,Grayson,Allen,CHI,,P0009
Jose Alvarado,J. Alvarado,Jose,Alvarado,ATL,,P0010
Kyle Anderson,K. Anderson,Kyle,Anderson,FA,,P0011
Giannis Antetokounmpo,G. Antetokounmpo,Giannis,Antetokounmpo,LAL,,P0012
Alex Antetokounmpo,A. Antetokounmpo,Alex,Antetokounmpo,FA,,P0013
Thanasis Antetokounmpo,T. Antetokounmpo,Thanasis,Antetokounmpo,FA,,P0014
Cole Anthony,C. Anthony,Cole,Anthony,FA,,P0015
OG Anunoby,O. Anunoby,OG,Anunoby,TOR,,P0016
Taran Armstrong,T. Armstrong,Taran,Armstrong,FA,,P0017
Deni Avdija,D. Avdija,Deni,Avdija,CHI,,P0018
Deandre Ayton,D. Ayton,Deandre,Ayton,DET,,P0019
Marcus Bagley,M. Bagley,Marcus,Bagley,FA,,P0020
Ace Bailey,A. Bailey,Ace,Bailey,NOP,,P0021
LaMelo Ball,L. Ball,LaMelo,Ball,MIN,,P0022
Lonzo Ball,L. Ball,Lonzo,Ball,SAS,,P0023
Mohamed Bamba,M. Bamba,Mohamed,Bamba,IND,,P0024
Paolo Banchero,P. Banchero,Paolo,Banchero,IND,,P0025
Desmond Bane,D. Bane,Desmond,Bane,MEM,,P0026
Dalano Banton,D. Banton,Dalano,Banton,FA,,P0027
Dominick Barlow,D. Barlow,Dominick,Barlow,FA,,P0028
Scottie Barnes,S. Barnes,Scottie,Barnes,UTA,,P0029
Harrison Barnes,H. Barnes,Harrison,Barnes,SAS,,P0030
Brooks Barnhizer,B. Barnhizer,Brooks,Barnhizer,FA,,P0031
R.J. Barrett,R. Barrett,R.J.,Barrett,MIL,,P0032
Charles Bassey,C. Bassey,Charles,Bassey,CLE,,P0033
Emoni Bates,E. Bates,Emoni,Bates,SAC,,P0034
Tamar Bates,T. Bates,Tamar,Bates,FA,,P0035
Jamison Battle,J. Battle,Jamison,Battle,NYK,,P0036
Nicolas Batum,N. Batum,Nicolas,Batum,PHX,,P0037
Damion Baugh,D. Baugh,Damion,Baugh,FA,,P0038
Bradley Beal,B. Beal,Bradley,Beal,MIL,,P0039
Malik Beasley,M. Beasley,Malik,Beasley,FA,,P0040
MarJon Beauchamp,M. Beauchamp,MarJon,Beauchamp,FA,,P0041
Reece Beekman,R. Beekman,Reece,Beekman,FA,,P0042
Joan Beringer,J. Beringer,Joan,Beringer,WAS,,P0043
Saddiq Bey,S. Bey,Saddiq,Bey,FA,,P0044
Goga Bitadze,G. Bitadze,Goga,Bitadze,CLE,,P0045
Bismack Biyombo,B. Biyombo,Bismack,Biyombo,FA,,P0046
Anthony Black,A. Black,Anthony,Black,CHI,,P0047
Bojan Bogdanovic,B. Bogdanovic,Bojan,Bogdanovic,FA,,P0048
Bogdan Bogdanović,B. Bogdanović,Bogdan,Bogdanović,CLE,,P0049
Bol Bol,B. Bol,Bol,Bol,ATL,,P0050
Adem Bona,A. Bona,Adem,Bona,HOU,,P0051
Devin Booker,D. Booker,Devin,Booker,NYK,,P0052
Chris Boucher,C. Boucher,Chris,Boucher,MEM,,P0053
Jamaree Bouyea,J. Bouyea,Jamaree,Bouyea,FA,,P0054
Tony Bradley,T. Bradley,Tony,Bradley,PHX,,P0055
Malaki Branham,M. Branham,Malaki,Branham,FA,,P0056
Christian Braun,C. Braun,Christian,Braun,NYK,,P0057
Koby Brea,K. Brea,Koby,Brea,FA,,P0058
Miles Bridges,M. Bridges,Miles,Bridges,DEN,,P0059
Mikal Bridges,M. Bridges,Mikal,Bridges,IND,,P0060
Jalen Bridges,J. Bridges,Jalen,Bridges,FA,,P0061
Oshae Brissett,O. Brissett,Oshae,Brissett,LAL,,P0062
Malcolm Brogdon,M. Brogdon,Malcolm,Brogdon,LAL,,P0063
Dillon Brooks,D. Brooks,Dillon,Brooks,WAS,,P0065
Johni Broome,J. Broome,Johni,Broome,SAS,,P0066
Jaylen Brown,J. Brown,Jaylen,Brown,SAC,,P0067
Moses Brown,M. Brown,Moses,Brown,LAL,,P0068
Bruce Brown,B. Brown,Bruce,Brown,FA,,P0069
Kobe Brown,K. Brown,Kobe,Brown,FA,,P0070
Jalen Brunson,J. Brunson,Jalen,Brunson,MIN,,P0071
Carter Bryant,C. Bryant,Carter,Bryant,CHI,,P0072
Thomas Bryant,T. Bryant,Thomas,Bryant,SAS,,P0073
Kobe Bufkin,K. Bufkin,Kobe,Bufkin,FA,,P0074
Alec Burks,A. Burks,Alec,Burks,FA,,P0076
Jimmy Butler,J. Butler,Jimmy,Butler,MIL,,P0077
Jared Butler,J. Butler,Jared,Butler,FA,,P0078
Matas Buzelis,M. Buzelis,Matas,Buzelis,ATL,,P0079
Jamal Cain,J. Cain,Jamal,Cain,FA,,P0080
Kentavious Caldwell-Pope,K. Caldwell-Pope,Kentavious,Caldwell-Pope,DEN,,P0081
Toumani Camara,T. Camara,Toumani,Camara,BKN,,P0082
Vlatko Cancar,V. Cancar,Vlatko,Cancar,FA,,P0083
Clint Capela,C. Capela,Clint,Capela,DEN,,P0084
Dylan Cardwell,D. Cardwell,Dylan,Cardwell,CLE,,P0085
Branden Carlson,B. Carlson,Branden,Carlson,FA,,P0086
Carlton Carrington,C. Carrington,Carlton,Carrington,FA,,P0087
Devin Carter,D. Carter,Devin,Carter,NYK,,P0088
DJ Carton,D. Carton,DJ,Carton,FA,,P0089
Alex Caruso,A. Caruso,Alex,Caruso,DAL,,P0090
Stephon Castle,S. Castle,Stephon,Castle,BOS,,P0091
Colin Castleton,C. Castleton,Colin,Castleton,BOS,,P0092
Justin Champagnie,J. Champagnie,Justin,Champagnie,DAL,,P0093
Julian Champagnie,J. Champagnie,Julian,Champagnie,FA,,P0094
Ulrich Chomche,U. Chomche,Ulrich,Chomche,FA,,P0095
Max Christie,M. Christie,Max,Christie,GSW,,P0096
Cam Christie,C. Christie,Cam,Christie,GSW,,P0097
Josh Christopher,J. Christopher,Josh,Christopher,BKN,,P0098
Moussa Cisse,M. Cisse,Moussa,Cisse,MIL,,P0099
Sidy Cissoko,S. Cissoko,Sidy,Cissoko,FA,,P0100
Jaylen Clark,J. Clark,Jaylen,Clark,DAL,,P0101
Brandon Clarke,B. Clarke,Brandon,Clarke,ORL,,P0102
Jordan Clarkson,J. Clarkson,Jordan,Clarkson,FA,,P0103
Nicolas Claxton,N. Claxton,Nicolas,Claxton,UTA,,P0104
Nique Clifford,N. Clifford,Nique,Clifford,POR,,P0105
Donovan Clingan,D. Clingan,Donovan,Clingan,CHI,,P0106
Noah Clowney,N. Clowney,Noah,Clowney,IND,,P0107
Amir Coffey,A. Coffey,Amir,Coffey,FA,,P0108
Isaiah Collier,I. Collier,Isaiah,Collier,ATL,,P0109
John Collins,J. Collins,John,Collins,DEN,,P0110
Zach Collins,Z. Collins,Zach,Collins,PHX,,P0111
Yuri Collins,Y. Collins,Yuri,Collins,FA,,P0112
Mike Conley,M. Conley,Mike,Conley,POR,,P0113
Pat Connaughton,P. Connaughton,Pat,Connaughton,FA,,P0114
Javonte Cooke,J. Cooke,Javonte,Cooke,FA,,P0115
Sharife Cooper,S. Cooper,Sharife,Cooper,FA,,P0116
Bilal Coulibaly,B. Coulibaly,Bilal,Coulibaly,WAS,,P0117
Cedric Coward,C. Coward,Cedric,Coward,PHX,,P0118
Torrey Craig,T. Craig,Torrey,Craig,FA,,P0119
Isaiah Crawford,I. Crawford,Isaiah,Crawford,FA,,P0120
Jae Crowder,J. Crowder,Jae,Crowder,DEN,,P0121
Jalen Crutcher,J. Crutcher,Jalen,Crutcher,FA,,P0122
Cade Cunningham,C. Cunningham,Cade,Cunningham,GSW,,P0123
Steph Curry,S. Curry,Steph,Curry,DEN,,P0124
Seth Curry,S. Curry,Seth,Curry,FA,,P0125
Pacôme Dadiet,P. Dadiet,Pacôme,Dadiet,FA,,P0126
Dyson Daniels,D. Daniels,Dyson,Daniels,ATL,,P0127
N'Faly Dante,N. Dante,N'Faly,Dante,FA,,P0128
Anthony Davis,A. Davis,Anthony,Davis,NYK,,P0129
Terence Davis,T. Davis,Terence,Davis,FA,,P0130
Johnny Davis,J. Davis,Johnny,Davis,BOS,,P0131
JD Davison,J. Davison,JD,Davison,POR,,P0132
DeMar DeRozan,D. DeRozan,DeMar,DeRozan,BKN,,P0133
RayJ Dennis,R. Dennis,RayJ,Dennis,FA,,P0134
Donte DiVincenzo,D. DiVincenzo,Donte,DiVincenzo,CLE,,P0135
Moussa Diabaté,M. Diabaté,Moussa,Diabaté,NYK,,P0136
Mohamed Diawara,M. Diawara,Mohamed,Diawara,FA,,P0137
Gradey Dick,G. Dick,Gradey,Dick,SAS,,P0138
Hunter Dickinson,H. Dickinson,Hunter,Dickinson,FA,,P0139
Ousmane Dieng,O. Dieng,Ousmane,Dieng,FA,,P0140
Rob Dillingham,R. Dillingham,Rob,Dillingham,FA,,P0141
Spencer Dinwiddie,S. Dinwiddie,Spencer,Dinwiddie,GSW,,P0142
Nikola Djurisic,N. Djurisic,Nikola,Djurisic,FA,,P0143
Luka Dončić,L. Dončić,Luka,Dončić,CHI,,P0144
Luguentz Dort,L. Dort,Luguentz,Dort,HOU,,P0145
Ayo Dosunmu,A. Dosunmu,Ayo,Dosunmu,FA,,P0146
Jeff Dowtin,J. Dowtin,Jeff,Dowtin,FA,,P0147
PJ Dozier,P. Dozier,PJ,Dozier,POR,,P0148
Andre Drummond,A. Drummond,Andre,Drummond,ORL,,P0149
Chris Duarte,C. Duarte,Chris,Duarte,FA,,P0150
Alex Ducas,A. Ducas,Alex,Ducas,FA,,P0151
Ryan Dunn,R. Dunn,Ryan,Dunn,CHI,,P0152
Kris Dunn,K. Dunn,Kris,Dunn,NYK,,P0153
Kevin Durant,K. Durant,Kevin,Durant,BOS,,P0154
Jalen Duren,J. Duren,Jalen,Duren,MIA,,P0155
Egor Dëmin,E. Dëmin,Egor,Dëmin,ORL,,P0156
Tari Eason,T. Eason,Tari,Eason,GSW,,P0157
Zach Edey,Z. Edey,Zach,Edey,DAL,,P0158
VJ Edgecombe,V. Edgecombe,VJ,Edgecombe,NOP,,P0159
Kessler Edwards,K. Edwards,Kessler,Edwards,CHI,,P0160
Anthony Edwards,A. Edwards,Anthony,Edwards,CLE,,P0161
Justin Edwards,J. Edwards,Justin,Edwards,PHI,,P0162
Jesse Edwards,J. Edwards,Jesse,Edwards,FA,,P0163
Keon Ellis,K. Ellis,Keon,Ellis,DET,,P0164
Joel Embiid,J. Embiid,Joel,Embiid,WAS,,P0165
Noa Essengue,N. Essengue,Noa,Essengue,NOP,,P0166
Tyson Etienne,T. Etienne,Tyson,Etienne,FA,,P0167
Drew Eubanks,D. Eubanks,Drew,Eubanks,MIN,,P0168
Tosan Evbuomwan,T. Evbuomwan,Tosan,Evbuomwan,FA,,P0169
Danté Exum,D. Exum,Danté,Exum,HOU,,P0170
Jeremiah Fears,J. Fears,Jeremiah,Fears,CHA,,P0171
Bruno Fernando,B. Fernando,Bruno,Fernando,WAS,,P0172
Kyle Filipowski,K. Filipowski,Kyle,Filipowski,BKN,,P0173
Dorian Finney-Smith,D. Finney-Smith,Dorian,Finney-Smith,DET,,P0174
Cooper Flagg,C. Flagg,Cooper,Flagg,MIA,,P0175
Adam Flagler,A. Flagler,Adam,Flagler,FA,,P0176
Rasheer Fleming,R. Fleming,Rasheer,Fleming,ATL,,P0177
Trentyn Flowers,T. Flowers,Trentyn,Flowers,FA,,P0178
Malachi Flynn,M. Flynn,Malachi,Flynn,FA,,P0179
Simone Fontecchio,S. Fontecchio,Simone,Fontecchio,CHI,,P0180
De’Aaron Fox,D. Fox,De’Aaron,Fox,SAC,,P0181
Enrique Freeman,E. Freeman,Enrique,Freeman,FA,,P0182
Markelle Fultz,M. Fultz,Markelle,Fultz,IND,,P0183
Johnny Furphy,J. Furphy,Johnny,Furphy,UTA,,P0184
Daniel Gafford,D. Gafford,Daniel,Gafford,PHI,,P0185
David Jones Garcia,D. Jones Garcia,David,Jones Garcia,FA,,P0186
Myron Gardner,M. Gardner,Myron,Gardner,FA,,P0187
Darius Garland,D. Garland,Darius,Garland,PHI,,P0188
Marcus Garrett,M. Garrett,Marcus,Garrett,FA,,P0189
Luka Garza,L. Garza,Luka,Garza,FA,,P0190
Kyshawn George,K. George,Kyshawn,George,BOS,,P0191
Paul George,P. George,Paul,George,NOP,,P0192
Keyonte George,K. George,Keyonte,George,IND,,P0193
Taj Gibson,T. Gibson,Taj,Gibson,GSW,,P0194
Josh Giddey,J. Giddey,Josh,Giddey,WAS,,P0195
Shai Gilgeous-Alexander,S. Gilgeous-Alexander,Shai,Gilgeous-Alexander,HOU,,P0196
Anthony Gill,A. Gill,Anthony,Gill,FA,,P0197
Collin Gillespie,C. Gillespie,Collin,Gillespie,CHA,,P0198
Rudy Gobert,R. Gobert,Rudy,Gobert,CHA,,P0199
Vladislav Goldin,V. Goldin,Vladislav,Goldin,FA,,P0200
Hugo González,H. González,Hugo,González,BKN,,P0201
Jordan Goodwin,J. Goodwin,Jordan,Goodwin,FA,,P0202
Aaron Gordon,A. Gordon,Aaron,Gordon,SAS,,P0203
Eric Gordon,E. Gordon,Eric,Gordon,FA,,P0204
Jazian Gortman,J. Gortman,Jazian,Gortman,FA,,P0205
Jerami Grant,J. Grant,Jerami,Grant,UTA,,P0206
Josh Green,J. Green,Josh,Green,TOR,,P0207
Jalen Green,J. Green,Jalen,Green,MEM,,P0208
Draymond Green,D. Green,Draymond,Green,WAS,,P0209
AJ Green,A. Green,AJ,Green,FA,,P0210
Jeff Green,J. Green,Jeff,Green,FA,,P0211
Quentin Grimes,Q. Grimes,Quentin,Grimes,HOU,,P0212
Mouhamed Gueye,M. Gueye,Mouhamed,Gueye,FA,,P0213
Rui Hachimura,R. Hachimura,Rui,Hachimura,MIN,,P0214
Tyrese Haliburton,T. Haliburton,Tyrese,Haliburton,MIA,,P0215
PJ Hall,P. Hall,PJ,Hall,FA,,P0216
Yang Hansen,Y. Hansen,Yang,Hansen,NOP,,P0217
James Harden,J. Harden,James,Harden,POR,,P0218
Jaden Hardy,J. Hardy,Jaden,Hardy,FA,,P0219
EJ Harkless,E. Harkless,EJ,Harkless,FA,,P0220
Dylan Harper,D. Harper,Dylan,Harper,NOP,,P0221
Gary Harris,G. Harris,Gary,Harris,UTA,,P0222
Tobias Harris,T. Harris,Tobias,Harris,POR,,P0223
Kevon Harris,K. Harris,Kevon,Harris,FA,,P0224
Josh Hart,J. Hart,Josh,Hart,MIA,,P0225
Isaiah Hartenstein,I. Hartenstein,Isaiah,Hartenstein,PHX,,P0226
Sam Hauser,S. Hauser,Sam,Hauser,FA,,P0227
Jordan Hawkins,J. Hawkins,Jordan,Hawkins,FA,,P0228
Jaxson Hayes,J. Hayes,Jaxson,Hayes,BOS,,P0229
Killian Hayes,K. Hayes,Killian,Hayes,FA,,P0230
Nigel Hayes-Davis,N. Hayes-Davis,Nigel,Hayes-Davis,FA,,P0231
Scoot Henderson,S. Henderson,Scoot,Henderson,MIA,,P0232
Taylor Hendricks,T. Hendricks,Taylor,Hendricks,SAC,,P0233
Chucky Hepburn,C. Hepburn,Chucky,Hepburn,FA,,P0234
Tyler Herro,T. Herro,Tyler,Herro,MIL,,P0235
Buddy Hield,B. Hield,Buddy,Hield,MEM,,P0236
Haywood Highsmith,H. Highsmith,Haywood,Highsmith,CHA,,P0237
Jrue Holiday,J. Holiday,Jrue,Holiday,DAL,,P0238
Aaron Holiday,A. Holiday,Aaron,Holiday,FA,,P0239
Ron Holland,R. Holland,Ron,Holland,SAS,,P0240
Richaun Holmes,R. Holmes,Richaun,Holmes,DEN,,P0241
Chet Holmgren,C. Holmgren,Chet,Holmgren,GSW,,P0242
Jalen Hood-Schifino,J. Hood-Schifino,Jalen,Hood-Schifino,FA,,P0243
Al Horford,A. Horford,Al,Horford,CHI,,P0244
Caleb Houstan,C. Houstan,Caleb,Houstan,FA,,P0245
Jett Howard,J. Howard,Jett,Howard,IND,,P0246
Kevin Huerter,K. Huerter,Kevin,Huerter,MIN,,P0247
Jay Huff,J. Huff,Jay,Huff,FA,,P0248
De'Andre Hunter,D. Hunter,De'Andre,Hunter,ORL,,P0249
CJ Huntley,C. Huntley,CJ,Huntley,FA,,P0250
Bones Hyland,B. Hyland,Bones,Hyland,FA,,P0251
Gary Payton II,G. Payton II,Gary,Payton II,BOS,,P0252
DaRon Holmes II,D. Holmes II,DaRon,Holmes II,CHA,,P0253
Dereck Lively II,D. Lively II,Dereck,Lively II,PHI,,P0254
Kevin Knox II,K. Knox II,Kevin,Knox II,MIN,,P0255
Robert Williams III,R. Williams III,Robert,Williams III,BKN,,P0256
Marvin Bagley III,M. Bagley III,Marvin,Bagley III,DAL,,P0257
Trey Murphy III,T. Murphy III,Trey,Murphy III,MEM,,P0258
Terry Rozier III,T. Rozier III,Terry,Rozier III,FA,,P0259
Lindy Waters III,L. Waters III,Lindy,Waters III,FA,,P0260
Lonnie Walker IV,L. Walker IV,Lonnie,Walker IV,FA,,P0261
Ricky Council IV,R. Council IV,Ricky,Council IV,FA,,P0262
Oso Ighodaro,O. Ighodaro,Oso,Ighodaro,MIL,,P0263
Joe Ingles,J. Ingles,Joe,Ingles,FA,,P0264
Brandon Ingram,B. Ingram,Brandon,Ingram,DET,,P0265
Harrison Ingram,H. Ingram,Harrison,Ingram,FA,,P0266
Kyrie Irving,K. Irving,Kyrie,Irving,PHX,,P0267
Jonathan Isaac,J. Isaac,Jonathan,Isaac,PHX,,P0268
Jaden Ivey,J. Ivey,Jaden,Ivey,PHX,,P0269
GG Jackson,G. Jackson,GG,Jackson,MIL,,P0270
Isaiah Jackson,I. Jackson,Isaiah,Jackson,CHI,,P0271
Reggie Jackson,R. Jackson,Reggie,Jackson,GSW,,P0272
Quenton Jackson,Q. Jackson,Quenton,Jackson,FA,,P0273
Trayce Jackson-Davis,T. Jackson-Davis,Trayce,Jackson-Davis,PHX,,P0274
Kasparas Jakučionis,K. Jakučionis,Kasparas,Jakučionis,NOP,,P0275
LeBron James,L. James,LeBron,James,SAS,,P0276
Sion James,S. James,Sion,James,CHA,,P0277
DaQuan Jeffries,D. Jeffries,DaQuan,Jeffries,FA,,P0278
Daniss Jenkins,D. Jenkins,Daniss,Jenkins,DEN,,P0279
Ty Jerome,T. Jerome,Ty,Jerome,FA,,P0280
Isaiah Joe,I. Joe,Isaiah,Joe,GSW,,P0281
Jalen Johnson,J. Johnson,Jalen,Johnson,ATL,,P0282
Cameron Johnson,C. Johnson,Cameron,Johnson,CLE,,P0283
Tre Johnson,T. Johnson,Tre,Johnson,NOP,,P0284
Keon Johnson,K. Johnson,Keon,Johnson,PHX,,P0285
Keldon Johnson,K. Johnson,Keldon,Johnson,CLE,,P0286
AJ Johnson,A. Johnson,AJ,Johnson,FA,,P0287
James Johnson,J. Johnson,James,Johnson,FA,,P0288
Nikola Jokić,N. Jokić,Nikola,Jokić,BKN,,P0289
Kam Jones,K. Jones,Kam,Jones,FA,,P0290
Kai Jones,K. Jones,Kai,Jones,FA,,P0291
Tre Jones,T. Jones,Tre,Jones,FA,,P0292
Herbert Jones,H. Jones,Herbert,Jones,WAS,,P0293
Colby Jones,C. Jones,Colby,Jones,FA,,P0294
Isaac Jones,I. Jones,Isaac,Jones,FA,,P0295
Dillon Jones,D. Jones,Dillon,Jones,FA,,P0296
Spencer Jones,S. Jones,Spencer,Jones,FA,,P0297
Deandre Jordan,D. Jordan,Deandre,Jordan,DAL,,P0298
Cory Joseph,C. Joseph,Cory,Joseph,FA,,P0299
Nikola Jović,N. Jović,Nikola,Jović,PHI,,P0300
Bronny James Jr,B. James Jr,Bronny,James Jr,MIL,,P0301
Kevin Porter Jr,K. Porter Jr,Kevin,Porter Jr,FA,,P0302
Larry Nance Jr,L. Nance Jr,Larry,Nance Jr,CLE,,P0303
David Duke Jr,D. Duke Jr,David,Duke Jr,MIA,,P0304
Kelly Oubre Jr,K. Oubre Jr,Kelly,Oubre Jr,UTA,,P0306
Andre Jackson Jr,A. Jackson Jr,Andre,Jackson Jr,SAC,,P0307
Wendell Moore Jr,W. Moore Jr,Wendell,Moore Jr,FA,,P0308
Michael Porter Jr,M. Porter Jr,Michael,Porter Jr,LAL,,P0309
Jabari Smith Jr,J. Smith Jr,Jabari,Smith Jr,ORL,,P0310
Wendell Carter Jr,W. Carter Jr,Wendell,Carter Jr,ORL,,P0311
Derrick Jones Jr,D. Jones Jr,Derrick,Jones Jr,NYK,,P0312
Walter Clayton Jr,W. Clayton Jr,Walter,Clayton Jr,NOP,,P0313
Jaren Jackson Jr,J. Jackson Jr,Jaren,Jackson Jr,DET,,P0314
Terrence Shannon Jr,T. Shannon Jr,Terrence,Shannon Jr,TOR,,P0315
Gary Trent Jr,G. Trent Jr,Gary,Trent Jr,MEM,,P0316
Tim Hardaway Jr.,T. Hardaway Jr.,Tim,Hardaway Jr.,TOR,,P0317
Scotty Pippen Jr.,S. Pippen Jr.,Scotty,Pippen Jr.,FA,,P0318
Brandon Boston Jr.,B. Boston Jr.,Brandon,Boston Jr.,FA,,P0319
Craig Porter Jr.,C. Porter Jr.,Craig,Porter Jr.,FA,,P0320
Kenyon Martin Jr.,K. Martin Jr.,Kenyon,Martin Jr.,FA,,P0321
Nick Smith Jr.,N. Smith Jr.,Nick,Smith Jr.,FA,,P0322
Vince Williams Jr.,V. Williams Jr.,Vince,Williams Jr.,FA,,P0323
Kevin McCullar Jr.,K. McCullar Jr.,Kevin,McCullar Jr.,FA,,P0324
Ron Harper Jr.,R. Harper Jr.,Ron,Harper Jr.,FA,,P0325
TyTy Washington Jr.,T. Washington Jr.,TyTy,Washington Jr.,MIN,,P0326
Johnny Juzang,J. Juzang,Johnny,Juzang,FA,,P0327
Ryan Kalkbrenner,R. Kalkbrenner,Ryan,Kalkbrenner,NOP,,P0328
Yuki Kawamura,Y. Kawamura,Yuki,Kawamura,FA,,P0329
Kylor Kelley,K. Kelley,Kylor,Kelley,FA,,P0330
Miles Kelly,M. Kelly,Miles,Kelly,FA,,P0331
Luke Kennard,L. Kennard,Luke,Kennard,FA,,P0332
Walker Kessler,W. Kessler,Walker,Kessler,DAL,,P0333
Braxton Key,B. Key,Braxton,Key,FA,,P0334
Corey Kispert,C. Kispert,Corey,Kispert,GSW,,P0335
Maxi Kleber,M. Kleber,Maxi,Kleber,FA,,P0336
Bobi Klintman,B. Klintman,Bobi,Klintman,FA,,P0337
Dalton Knecht,D. Knecht,Dalton,Knecht,ORL,,P0338
Kon Knueppel,K. Knueppel,Kon,Knueppel,NOP,,P0339
Tyler Kolek,T. Kolek,Tyler,Kolek,FA,,P0340
Christian Koloko,C. Koloko,Christian,Koloko,UTA,,P0341
John Konchar,J. Konchar,John,Konchar,FA,,P0342
Luke Kornet,L. Kornet,Luke,Kornet,TOR,,P0343
Vit Krejci,V. Krejci,Vit,Krejci,MEM,,P0344
Jonathan Kuminga,J. Kuminga,Jonathan,Kuminga,UTA,,P0345
Kyle Kuzma,K. Kuzma,Kyle,Kuzma,IND,,P0346
Jake LaRavia,J. LaRavia,Jake,LaRavia,FA,,P0347
Zach LaVine,Z. LaVine,Zach,LaVine,CHI,,P0348
Skal Labissiere,S. Labissiere,Skal,Labissiere,FA,,P0349
Jock Landale,J. Landale,Jock,Landale,BOS,,P0350
Chaz Lanier,C. Lanier,Chaz,Lanier,LAL,,P0351
Pelle Larsson,P. Larsson,Pelle,Larsson,BKN,,P0352
AJ Lawson,A. Lawson,AJ,Lawson,FA,,P0353
Caris LeVert,C. LeVert,Caris,LeVert,ATL,,P0354
Damion Lee,D. Lee,Damion,Lee,FA,,P0355
Alex Len,A. Len,Alex,Len,FA,,P0357
Kawhi Leonard,K. Leonard,Kawhi,Leonard,IND,,P0358
Malevy Leons,M. Leons,Malevy,Leons,FA,,P0359
Maxwell Lewis,M. Lewis,Maxwell,Lewis,FA,,P0360
E.J. Liddell,E. Liddell,E.J.,Liddell,MIA,,P0361
Damian Lillard,D. Lillard,Damian,Lillard,BKN,,P0362
Isaiah Livers,I. Livers,Isaiah,Livers,FA,,P0363
Chris Livingston,C. Livingston,Chris,Livingston,FA,,P0364
Kevon Looney,K. Looney,Kevon,Looney,DAL,,P0365
Brook Lopez,B. Lopez,Brook,Lopez,DEN,,P0366
Kevin Love,K. Love,Kevin,Love,ORL,,P0367
Caleb Love,C. Love,Caleb,Love,FA,,P0368
Seth Lundy,S. Lundy,Seth,Lundy,FA,,P0370
Trey Lyles,T. Lyles,Trey,Lyles,FA,,P0371
Khaman Maluach,K. Maluach,Khaman,Maluach,WAS,,P0372
Sandro Mamukelashvili,S. Mamukelashvili,Sandro,Mamukelashvili,FA,,P0373
Terance Mann,T. Mann,Terance,Mann,FA,,P0374
Chris Manon,C. Manon,Chris,Manon,FA,,P0375
Lauri Markkanen,L. Markkanen,Lauri,Markkanen,UTA,,P0376
Naji Marshall,N. Marshall,Naji,Marshall,FA,,P0377
Caleb Martin,C. Martin,Caleb,Martin,FA,,P0378
Alijah Martin,A. Martin,Alijah,Martin,DET,,P0379
Garrison Mathews,G. Mathews,Garrison,Mathews,FA,,P0380
Bennedict Mathurin,B. Mathurin,Bennedict,Mathurin,DAL,,P0381
Karlo Matković,K. Matković,Karlo,Matković,GSW,,P0382
Tyrese Maxey,T. Maxey,Tyrese,Maxey,LAL,,P0383
Miles McBride,M. McBride,Miles,McBride,BKN,,P0384
Jared McCain,J. McCain,Jared,McCain,UTA,,P0385
Mac McClung,M. McClung,Mac,McClung,FA,,P0386
C.J. McCollum,C. McCollum,C.J.,McCollum,POR,,P0387
T.J. McConnell,T. McConnell,T.J.,McConnell,PHI,,P0388
Javante McCoy,J. McCoy,Javante,McCoy,FA,,P0389
Jaden McDaniels,J. McDaniels,Jaden,McDaniels,PHI,,P0390
Jalen McDaniels,J. McDaniels,Jalen,McDaniels,FA,,P0391
Doug McDermott,D. McDermott,Doug,McDermott,FA,,P0392
Bryce McGowens,B. McGowens,Bryce,McGowens,FA,,P0393
Jordan McLaughlin,J. McLaughlin,Jordan,McLaughlin,FA,,P0394
Liam McNeely,L. McNeely,Liam,McNeely,MEM,,P0395
Jack McVeigh,J. McVeigh,Jack,McVeigh,FA,,P0396
De'Anthony Melton,D. Melton,De'Anthony,Melton,ORL,,P0397
Sam Merrill,S. Merrill,Sam,Merrill,HOU,,P0398
Vasilije Micic,V. Micic,Vasilije,Micic,FA,,P0399
Khris Middleton,K. Middleton,Khris,Middleton,DEN,,P0400
Brandon Miller,B. Miller,Brandon,Miller,LAL,,P0401
Leonard Miller,L. Miller,Leonard,Miller,FA,,P0402
Jordan Miller,J. Miller,Jordan,Miller,FA,,P0403
Patty Mills,P. Mills,Patty,Mills,FA,,P0404
Shake Milton,S. Milton,Shake,Milton,FA,,P0405
Justin Minaya,J. Minaya,Justin,Minaya,POR,,P0407
Riley Minix,R. Minix,Riley,Minix,FA,,P0408
Josh Minott,J. Minott,Josh,Minott,PHX,,P0409
Yves Missi,Y. Missi,Yves,Missi,MIL,,P0410
Davion Mitchell,D. Mitchell,Davion,Mitchell,MIL,,P0411
Ajay Mitchell,A. Mitchell,Ajay,Mitchell,DEN,,P0412
Donovan Mitchell,D. Mitchell,Donovan,Mitchell,UTA,,P0413
Evan Mobley,E. Mobley,Evan,Mobley,CLE,,P0414
Isaiah Mobley,I. Mobley,Isaiah,Mobley,FA,,P0415
Jonathan Mogbo,J. Mogbo,Jonathan,Mogbo,TOR,,P0416
Malik Monk,M. Monk,Malik,Monk,DET,,P0417
Moses Moody,M. Moody,Moses,Moody,POR,,P0418
Taze Moore,T. Moore,Taze,Moore,FA,,P0419
Ja Morant,J. Morant,Ja,Morant,CHA,,P0420
Monte Morris,M. Morris,Monte,Morris,FA,,P0421
Jamal Murray,J. Murray,Jamal,Murray,BOS,,P0422
Kris Murray,K. Murray,Kris,Murray,PHI,,P0423
Keegan Murray,K. Murray,Keegan,Murray,POR,,P0424
Dejounte Murray,D. Murray,Dejounte,Murray,CLE,,P0425
Collin Murray-Boyles,C. Murray-Boyles,Collin,Murray-Boyles,NYK,,P0426
Svi Mykhailiuk,S. Mykhailiuk,Svi,Mykhailiuk,UTA,,P0427
Pete Nance,P. Nance,Pete,Nance,FA,,P0428
Eli Ndiaye,E. Ndiaye,Eli,Ndiaye,FA,,P0429
Andrew Nembhard,A. Nembhard,Andrew,Nembhard,MIA,,P0430
Ryan Nembhard,R. Nembhard,Ryan,Nembhard,FA,,P0431
Aaron Nesmith,A. Nesmith,Aaron,Nesmith,SAS,,P0432
Asa Newell,A. Newell,Asa,Newell,NOP,,P0433
Tristen Newton,T. Newton,Tristen,Newton,FA,,P0434
Georges Niang,G. Niang,Georges,Niang,MIN,,P0435
Yanic Konan Niederhauser,Y. Konan Niederhauser,Yanic,Konan Niederhauser,TOR,,P0436
Daishen Nix,D. Nix,Daishen,Nix,FA,,P0437
Zeke Nnaji,Z. Nnaji,Zeke,Nnaji,DET,,P0438
Jaylen Nowell,J. Nowell,Jaylen,Nowell,FA,,P0439
Jusuf Nurkić,J. Nurkić,Jusuf,Nurkić,POR,,P0440
Royce O'Neale,R. O'Neale,Royce,O'Neale,BOS,,P0441
Jahlil Okafor,J. Okafor,Jahlil,Okafor,DET,,P0442
Chuma Okeke,C. Okeke,Chuma,Okeke,ORL,,P0443
Josh Okogie,J. Okogie,Josh,Okogie,PHX,,P0444
Onyeka Okongwu,O. Okongwu,Onyeka,Okongwu,SAC,,P0445
Isaac Okoro,I. Okoro,Isaac,Okoro,DAL,,P0446
Lachlan Olbrich,L. Olbrich,Lachlan,Olbrich,FA,,P0447
Quincy Olivari,Q. Olivari,Quincy,Olivari,FA,,P0448
Kelly Olynyk,K. Olynyk,Kelly,Olynyk,SAC,,P0449
Eugene Omoruyi,E. Omoruyi,Eugene,Omoruyi,FA,,P0450
Chris Paul,C. Paul,Chris,Paul,FA,,P0451
Cameron Payne,C. Payne,Cameron,Payne,FA,,P0452
Elfrid Payton,E. Payton,Elfrid,Payton,FA,,P0453
Micah Peavy,M. Peavy,Micah,Peavy,CHA,,P0454
Noah Penda,N. Penda,Noah,Penda,TOR,,P0455
Taelon Peter,T. Peter,Taelon,Peter,FA,,P0456
Julian Phillips,J. Phillips,Julian,Phillips,FA,,P0457
Jalen Pickett,J. Pickett,Jalen,Pickett,FA,,P0458
Daeqwon Plowden,D. Plowden,Daeqwon,Plowden,FA,,P0459
Mason Plumlee,M. Plumlee,Mason,Plumlee,ATL,,P0460
Brandin Podziemski,B. Podziemski,Brandin,Podziemski,TOR,,P0461
Jakob Poeltl,J. Poeltl,Jakob,Poeltl,SAS,,P0462
Jordan Poole,J. Poole,Jordan,Poole,BOS,,P0463
Bobby Portis,B. Portis,Bobby,Portis,BOS,,P0464
Kristaps Porziņģis,K. Porziņģis,Kristaps,Porziņģis,HOU,,P0465
Quinten Post,Q. Post,Quinten,Post,MEM,,P0466
Micah Potter,M. Potter,Micah,Potter,FA,,P0467
Drake Powell,D. Powell,Drake,Powell,SAC,,P0468
Norman Powell,N. Powell,Norman,Powell,MIN,,P0469
Dwight Powell,D. Powell,Dwight,Powell,FA,,P0470
Jason Preston,J. Preston,Jason,Preston,FA,,P0471
Taurean Prince,T. Prince,Taurean,Prince,MEM,,P0472
Payton Pritchard,P. Pritchard,Payton,Pritchard,FA,,P0473
Tyrese Proctor,T. Proctor,Tyrese,Proctor,CLE,,P0474
Olivier-Maxence Prosper,O. Prosper,Olivier-Maxence,Prosper,FA,,P0475
Zyon Pullin,Z. Pullin,Zyon,Pullin,FA,,P0476
Derik Queen,D. Queen,Derik,Queen,PHI,,P0477
Trevelin Queen,T. Queen,Trevelin,Queen,FA,,P0478
Neemias Queta,N. Queta,Neemias,Queta,GSW,,P0479
Immanuel Quickley,I. Quickley,Immanuel,Quickley,DET,,P0480
Lester Quinones,L. Quinones,Lester,Quinones,FA,,P0481
Julius Randle,J. Randle,Julius,Randle,ORL,,P0482
Maxime Raynaud,M. Raynaud,Maxime,Raynaud,HOU,,P0483
Duop Reath,D. Reath,Duop,Reath,FA,,P0484
Austin Reaves,A. Reaves,Austin,Reaves,CHA,,P0485
Cam Reddish,C. Reddish,Cam,Reddish,DET,,P0486
Paul Reed,P. Reed,Paul,Reed,CHA,,P0487
Alex Reese,A. Reese,Alex,Reese,MIA,,P0488
Antonio Reeves,A. Reeves,Antonio,Reeves,FA,,P0489
Naz Reid,N. Reid,Naz,Reid,MIL,,P0490
Jared Rhoden,J. Rhoden,Jared,Rhoden,FA,,P0491
Will Richard,W. Richard,Will,Richard,DAL,,P0492
Nick Richards,N. Richards,Nick,Richards,NYK,,P0493
Josh Richardson,J. Richardson,Josh,Richardson,CHI,,P0494
Will Riley,W. Riley,Will,Riley,NOP,,P0495
Zaccharie Risacher,Z. Risacher,Zaccharie,Risacher,ATL,,P0496
Liam Robbins,L. Robbins,Liam,Robbins,FA,,P0497
Mitchell Robinson,M. Robinson,Mitchell,Robinson,DET,,P0498
Duncan Robinson,D. Robinson,Duncan,Robinson,FA,,P0499
Orlando Robinson,O. Robinson,Orlando,Robinson,FA,,P0500
Jeremiah Robinson-Earl,J. Robinson-Earl,Jeremiah,Robinson-Earl,IND,,P0501
David Roddy,D. Roddy,David,Roddy,FA,,P0502
Ryan Rollins,R. Rollins,Ryan,Rollins,MIN,,P0503
Jackson Rowe,J. Rowe,Jackson,Rowe,FA,,P0504
Rayan Rupert,R. Rupert,Rayan,Rupert,FA,,P0505
D'Angelo Russell,D. Russell,D'Angelo,Russell,PHI,,P0506
Matt Ryan,M. Ryan,Matt,Ryan,LAL,,P0507
Domantas Sabonis,D. Sabonis,Domantas,Sabonis,POR,,P0509
Tidjane Salaün,T. Salaün,Tidjane,Salaün,BOS,,P0510
Hunter Sallis,H. Sallis,Hunter,Sallis,FA,,P0511
Kobe Sanders,K. Sanders,Kobe,Sanders,BKN,,P0512
Adama Sanogo,A. Sanogo,Adama,Sanogo,FA,,P0513
Gui Santos,G. Santos,Gui,Santos,FA,,P0514
Ben Saraf,B. Saraf,Ben,Saraf,WAS,,P0515
Dario Saric,D. Saric,Dario,Saric,FA,,P0516
Alex Sarr,A. Sarr,Alex,Sarr,WAS,,P0517
Marcus Sasser,M. Sasser,Marcus,Sasser,FA,,P0518
Baylor Scheierman,B. Scheierman,Baylor,Scheierman,FA,,P0519
Dennis Schröder,D. Schröder,Dennis,Schröder,FA,,P0520
Mark Sears,M. Sears,Mark,Sears,FA,,P0521
Brice Sensabaugh,B. Sensabaugh,Brice,Sensabaugh,FA,,P0522
Collin Sexton,C. Sexton,Collin,Sexton,SAC,,P0523
Landry Shamet,L. Shamet,Landry,Shamet,FA,,P0524
Shaedon Sharpe,S. Sharpe,Shaedon,Sharpe,HOU,,P0525
Day'Ron Sharpe,D. Sharpe,Day'Ron,Sharpe,TOR,,P0526
Jamal Shead,J. Shead,Jamal,Shead,FA,,P0527
Reed Sheppard,R. Sheppard,Reed,Sheppard,MIA,,P0528
Ben Sheppard,B. Sheppard,Ben,Sheppard,SAC,,P0529
Max Shulga,M. Shulga,Max,Shulga,FA,,P0530
Pascal Siakam,P. Siakam,Pascal,Siakam,POR,,P0531
Tristan Da Silva,T. Da Silva,Tristan,Da Silva,MIN,,P0532
Ben Simmons,B. Simmons,Ben,Simmons,BKN,,P0533
Anfernee Simons,A. Simons,Anfernee,Simons,SAS,,P0534
KJ Simpson,K. Simpson,KJ,Simpson,FA,,P0535
Jericho Sims,J. Sims,Jericho,Sims,HOU,,P0536
Javon Small,J. Small,Javon,Small,FA,,P0537
Marcus Smart,M. Smart,Marcus,Smart,DEN,,P0538
Jalen Smith,J. Smith,Jalen,Smith,ORL,,P0539
Dru Smith,D. Smith,Dru,Smith,FA,,P0540
Tolu Smith,T. Smith,Tolu,Smith,FA,,P0541
Jeremy Sochan,J. Sochan,Jeremy,Sochan,IND,,P0542
Thomas Sorber,T. Sorber,Thomas,Sorber,MIL,,P0543
Cam Spencer,C. Spencer,Cam,Spencer,FA,,P0544
Pat Spencer,P. Spencer,Pat,Spencer,FA,,P0545
Jaden Springer,J. Springer,Jaden,Springer,FA,,P0546
Xavier Tillman Sr.,X. Tillman Sr.,Xavier,Tillman Sr.,FA,,P0547
Lamar Stevens,L. Stevens,Lamar,Stevens,FA,,P0548
Isaiah Stevens,I. Stevens,Isaiah,Stevens,FA,,P0549
Erik Stevenson,E. Stevenson,Erik,Stevenson,FA,,P0550
DJ Steward,D. Steward,DJ,Steward,FA,,P0551
Isaiah Stewart,I. Stewart,Isaiah,Stewart,ATL,,P0552
Julian Strawther,J. Strawther,Julian,Strawther,FA,,P0553
Max Strus,M. Strus,Max,Strus,NYK,,P0554
Jalen Suggs,J. Suggs,Jalen,Suggs,WAS,,P0555
Jae'Sean Tate,J. Tate,Jae'Sean,Tate,FA,,P0556
Jayson Tatum,J. Tatum,Jayson,Tatum,TOR,,P0557
Terry Taylor,T. Taylor,Terry,Taylor,FA,,P0558
Jahmyl Telfort,J. Telfort,Jahmyl,Telfort,FA,,P0559
Garrett Temple,G. Temple,Garrett,Temple,FA,,P0560
Dalen Terry,D. Terry,Dalen,Terry,FA,,P0561
Daniel Theis,D. Theis,Daniel,Theis,FA,,P0562
Adou Thiero,A. Thiero,Adou,Thiero,LAL,,P0563
Cam Thomas,C. Thomas,Cam,Thomas,POR,,P0564
Amen Thompson,A. Thompson,Amen,Thompson,ORL,,P0565
Ausar Thompson,A. Thompson,Ausar,Thompson,ATL,,P0566
Tristan Thompson,T. Thompson,Tristan,Thompson,UTA,,P0567
Klay Thompson,K. Thompson,Klay,Thompson,IND,,P0568
J.T. Thor,J. Thor,J.T.,Thor,DEN,,P0569
Matisse Thybulle,M. Thybulle,Matisse,Thybulle,PHI,,P0570
Drew Timme,D. Timme,Drew,Timme,MIN,,P0571
Nae'Qwan Tomlin,N. Tomlin,Nae'Qwan,Tomlin,WAS,,P0572
John Tonje,J. Tonje,John,Tonje,FA,,P0573
Nikola Topić,N. Topić,Nikola,Topić,CHI,,P0574
Obi Toppin,O. Toppin,Obi,Toppin,SAC,,P0575
Jacob Toppin,J. Toppin,Jacob,Toppin,FA,,P0576
Karl-Anthony Towns,K. Towns,Karl-Anthony,Towns,MEM,kat,P0577
Nolan Traore,N. Traore,Nolan,Traore,PHI,,P0578
Armel Traoré,A. Traoré,Armel,Traoré,FA,,P0579
Luke Travers,L. Travers,Luke,Travers,FA,,P0580
Oscar Tshiebwe,O. Tshiebwe,Oscar,Tshiebwe,MIA,,P0581
P.J. Tucker,P. Tucker,P.J.,Tucker,MIA,,P0582
Myles Turner,M. Turner,Myles,Turner,MIN,,P0583
Jaylon Tyson,J. Tyson,Jaylon,Tyson,MIN,,P0584
Hunter Tyson,H. Tyson,Hunter,Tyson,FA,,P0585
Stanley Umude,S. Umude,Stanley,Umude,FA,,P0586
Jonas Valančiūnas,J. Valančiūnas,Jonas,Valančiūnas,SAS,,P0587
Fred VanVleet,F. VanVleet,Fred,VanVleet,IND,,P0588
Jarred Vanderbilt,J. Vanderbilt,Jarred,Vanderbilt,LAL,,P0589
Devin Vassell,D. Vassell,Devin,Vassell,CHA,,P0590
Gabe Vincent,G. Vincent,Gabe,Vincent,FA,,P0591
Tristan Vukčević,T. Vukčević,Tristan,Vukčević,HOU,,P0592
Nikola Vučević,N. Vučević,Nikola,Vučević,NOP,,P0593
Dean Wade,D. Wade,Dean,Wade,FA,,P0594
Moritz Wagner,M. Wagner,Moritz,Wagner,PHI,,P0595
Franz Wagner,F. Wagner,Franz,Wagner,PHX,,P0596
Jarace Walker,J. Walker,Jarace,Walker,HOU,,P0597
Jabari Walker,J. Walker,Jabari,Walker,CHA,,P0598
Cason Wallace,C. Wallace,Cason,Wallace,TOR,,P0599
Keaton Wallace,K. Wallace,Keaton,Wallace,PHX,,P0600
Jordan Walsh,J. Walsh,Jordan,Walsh,SAC,,P0601
Ja'Kobe Walter,J. Walter,Ja'Kobe,Walter,FA,,P0602
Kel'el Ware,K. Ware,Kel'el,Ware,MEM,,P0603
P.J. Washington,P. Washington,P.J.,Washington,DAL,,P0604
Trendon Watford,T. Watford,Trendon,Watford,CLE,,P0605
Jamir Watkins,J. Watkins,Jamir,Watkins,DET,,P0606
Peyton Watson,P. Watson,Peyton,Watson,MIA,,P0607
Anton Watson,A. Watson,Anton,Watson,FA,,P0608
Jaylen Wells,J. Wells,Jaylen,Wells,MEM,,P0609
Victor Wembanyama,V. Wembanyama,Victor,Wembanyama,MIA,,P0610
Blake Wesley,B. Wesley,Blake,Wesley,FA,,P0611
Russell Westbrook,R. Westbrook,Russell,Westbrook,PHI,,P0612
Phillip Wheeler,P. Wheeler,Phillip,Wheeler,FA,,P0613
Derrick White,D. White,Derrick,White,LAL,,P0614
Coby White,C. White,Coby,White,WAS,,P0615
Dariq Whitehead,D. Whitehead,Dariq,Whitehead,FA,,P0616
Cam Whitmore,C. Whitmore,Cam,Whitmore,HOU,,P0617
Aaron Wiggins,A. Wiggins,Aaron,Wiggins,BOS,,P0618
Andrew Wiggins,A. Wiggins,Andrew,Wiggins,BKN,,P0619
Mark Williams,M. Williams,Mark,Williams,MEM,,P0620
Ziaire Williams,Z. Williams,Ziaire,Williams,ORL,,P0621
Brandon Williams,B. Williams,Brandon,Williams,SAC,,P0622
Kenrich Williams,K. Williams,Kenrich,Williams,FA,,P0623
Jaylin Williams,J. Williams,Jaylin,Williams,DET,,P0624
Jalen Williams,J. Williams,Jalen,Williams,GSW,,P0625
Alondes Williams,A. Williams,Alondes,Williams,FA,,P0626
Nate Williams,N. Williams,Nate,Williams,FA,,P0627
Zion Williamson,Z. Williamson,Zion,Williamson,ATL,,P0628
Jalen Wilson,J. Wilson,Jalen,Wilson,NYK,,P0629
James Wiseman,J. Wiseman,James,Wiseman,BKN,,P0630
Danny Wolf,D. Wolf,Danny,Wolf,GSW,,P0631
Isaiah Wong,I. Wong,Isaiah,Wong,FA,,P0632
Christian Wood,C. Wood,Christian,Wood,DEN,,P0633
Delon Wright,D. Wright,Delon,Wright,SAC,,P0634
Guerschon Yabusele,G. Yabusele,Guerschon,Yabusele,NYK,,P0635
Cui Yongxi,C. Yongxi,Cui,Yongxi,FA,,P0636
Trae Young,T. Young,Trae,Young,DAL,,P0637
Jahmir Young,J. Young,Jahmir,Young,FA,,P0638
Chris Youngblood,C. Youngblood,Chris,Youngblood,FA,,P0639
Cody Zeller,C. Zeller,Cody,Zeller,FA,,P0640
Rocco Zikarsky,R. Zikarsky,Rocco,Zikarsky,ATL,,P0641
Ivica Zubac,I. Zubac,Ivica,Zubac,TOR,,P0642
Alperen Şengün,A. Şengün,Alperen,Şengün,LAL,,P0643
Kyle Lowry,K. Lowry,Kyle,Lowry,TOR,,kyle-lowry
Jase Richardson,J. Richardson,Jase,Richardson,FA,,player-1763056405578-jbt4172ft
Patrick Baldwin Jr,P. Baldwin Jr,Patrick,Baldwin Jr,LAL,,player-1763059761659-ninrul5ko
Jaime Jaquez Jr,J. Jaquez Jr,Jaime,Jaquez Jr,IND,,player-1763146102151-ahitem8ua
Amari Williams,A. Williams,Amari,Williams,UTA,,player-1763165114182
Patrick Williams ,P. Williams ,Patrick,Williams ,CHA,,player-1763481026846
Tre Mann,T. Mann,Tre,Mann,MIL,,player-1763566982266
Grant Williams,G. Williams,Grant,Williams,FA,,player-1763729939827
Tyler Smith,T. Smith,Tyler,Smith,CHA,,player-1763842969411
Javonte Green,J. Green,Javonte,Green,FA,,player-1763919631925
Cody Williams,C. Williams,Cody,Williams,FA,,player-1763925555300
Ariel Hukporti,A. Hukporti,Ariel,Hukporti,FA,,player_1762984491757_tmc3fo7cv
Boo Buie III,B. Buie III,Boo,Buie III,FA,,player_1763006483076_t0ofa80ap